date,n,mom_1m_ic_21d,mom_1m_ic_63d,mom_1m_ic_126d,mom_3m_ic_21d,mom_3m_ic_63d,mom_3m_ic_126d,mom_6m_ic_21d,mom_6m_ic_63d,mom_6m_ic_126d,mom_12m_1_ic_21d,mom_12m_1_ic_63d,mom_12m_1_ic_126d,prox_52w_ic_21d,prox_52w_ic_63d,prox_52w_ic_126d,vol_63_ic_21d,vol_63_ic_63d,vol_63_ic_126d,downside_ic_21d,downside_ic_63d,downside_ic_126d,rsi_ic_21d,rsi_ic_63d,rsi_ic_126d,vol_ratio_ic_21d,vol_ratio_ic_63d,vol_ratio_ic_126d
2024-12-13,481,-0.2573953871171995,-0.21154201029431208,-0.12209644966755491,0.023163759055874273,-0.006867122193997778,-0.07127100653213733,0.14314566134004184,-0.06635672020287406,-0.17937497785494105,0.14314566134004184,-0.06635672020287406,-0.17937497785494105,0.029010358333075633,0.00802734643100827,-0.08300499714899089,,,,,,,,,,0.10234965289009429,-0.00757924522707645,0.0012276532974275396
2025-01-13,483,-0.02306781188988115,-0.006471163899938528,-0.07170719022584292,-0.10010209917746422,-0.08740844056450973,-0.05102208428815642,-0.2286002804197185,-0.25331163539362533,-0.2452609573751905,-0.2286002804197185,-0.25331163539362533,-0.2452609573751905,-0.046912251453082,-0.0430143157939145,-0.08887974543546802,,,,,,,,,,-0.042359974427858806,-0.03700443191169332,-0.05240537058923977
2025-02-07,488,0.19787186509293414,0.03269900775215429,0.03616700994987483,-0.0791016750585829,-0.1271294319214432,-0.026438701428470678,-0.01579518911305516,-0.16580107875126124,-0.052729666503712705,-0.15288189470593894,-0.24844225327873418,-0.14162208128122455,0.19196377518803728,-0.1041362843986596,0.045816108271339064,,,,,,,,,,0.1352793777890117,0.08895188992280473,0.07863237047468731
2025-03-10,490,0.03221317501341289,-0.1936686577175351,-0.051606804232448025,-0.0012117975293394418,-0.1915601434218176,-0.10160339806230338,-0.03626495153087134,-0.15985669341028635,-0.07757299236101932,-0.025551601783752872,-0.17739837316069468,-0.11532640551525859,-0.03606053368779584,-0.30889327790133286,-0.10350046412054337,,,,,,,,,,0.013944770792557739,0.07216417610163187,0.11408743146384305
2025-04-09,491,-0.32645474182995143,-0.2894097148910623,-0.1970378135874979,-0.20714242369648364,-0.21809837675276636,-0.028438603349441743,-0.11768997790597858,-0.12980199563701153,-0.0008968993805399254,-0.11308152924919396,-0.13275393422790938,-0.16256497993024943,-0.3245945390978927,-0.3300576414119233,-0.10498652421594111,,,,,,,,,,0.014449286848384427,0.09159698553026042,0.06263890364836627
2025-05-13,492,0.06506581039765584,-0.058014952520555496,0.07476757024062725,-0.25269057383208837,-0.01449018030575436,0.05413238194349763,-0.25978809108084244,0.04031937174403005,0.033616603783877146,-0.2945571241287501,-0.021742651636709676,-0.16432393033037898,-0.3241726172850623,0.04469565923165308,0.11568221591431777,,,,,,,,,,0.0045505693703127926,-0.08302908669027358,0.010042639326204389
2025-06-10,494,-0.1590186247376496,-0.21583633366945157,-0.14702316193149684,0.10148739575892897,0.02166696965271527,0.17159321284768173,0.1649056649644552,0.14005886748273946,0.2596130314472659,0.21616108442455753,0.1771857805943481,0.04499369814892616,0.1400568404138675,0.14388275247465288,0.30508089441980296,,,,,,,,,,-0.10838647062885767,-0.14143012227822474,-0.06469879971403879
2025-07-08,498,0.03957737061729489,0.00040816805952793503,0.060406236475637705,-0.19238416194136249,-0.07533509774156938,-0.08663936551273026,0.03490987396589056,0.09100001293984696,0.21682024333436795,0.12938282353298478,-0.04967579633632145,-0.02735863859769894,0.15965942136881422,0.11810987895115815,0.26818264377491036,,,,,,,,,,-0.016444043986881485,0.022676144666282576,-0.008094060159307885
2025-08-05,499,0.12394885341575629,0.028322724533761834,0.054675301845486385,-0.05735651019892436,0.05624856314224898,0.06825056259689248,0.023339104729853417,0.18339249434102556,0.26838050811665715,-0.023031635224698765,0.0016222996162349593,0.007031196479567159,0.04948988620618795,0.14897003838230344,0.22610284012755721,,,,,,,,,,0.04737412860044863,0.0005260159633989879,-0.012376803589367264
2025-09-04,501,-0.016962435695370766,-0.034662765690407264,0.0329433927854254,0.044754525202721364,-0.05238910289732072,0.007699265551006022,0.12594270756985187,0.12708583086651912,0.21987670837672868,-0.052103046708371535,0.07542624484845399,0.07216441399566267,0.061177522606950495,0.19371191454132114,0.2583007798866433,,,,,,,,,,-0.13952407609371908,-0.03011022140303734,-0.021574590449530234
2025-10-03,504,0.054473890175200775,0.14160665461761715,0.21777842445257123,-0.01693611224387437,0.048711902811907584,0.08086644705092116,-0.03538460129330556,-0.022036065318131348,0.10819113098208598,0.06290854207509812,0.10863082903127608,0.1520261964216535,0.15251605400926127,0.2765463116623286,0.30810153833781134,,,,,,,,,,-0.030129891627550982,0.034584917671443074,-0.004100200546003359
2025-11-03,510,0.25163705422519356,0.2586297987009484,0.11696455481934205,0.07154742791672546,0.103779258780792,0.16205002971204002,0.03387551420531018,0.08424234742645742,0.2026187199004359,0.12910266384679095,0.1516440953930523,0.16188135124656253,0.322692781592153,0.3811706161897872,0.21311379067080066,,,,,,,,,,0.08976169751456964,0.14661373528570304,0.10659939139816593
2025-12-02,518,0.10109617089674545,0.23533954086439668,0.06106806214140914,0.12168139147756601,0.2275498180076869,0.12886008444758143,0.08736222068726478,0.20233061216027937,0.22841334303239003,0.1264354331408035,0.2067532067348157,0.10692507815308225,0.20260412526650617,0.37839764564188894,0.11649571435059033,,,,,,,,,,0.07332342305548602,0.17139187718696916,0.10121464218548798
2025-12-31,521,0.12355290591264882,0.025820607429638688,-0.12331578050947374,0.25243393385256424,0.2309896550461236,0.11844671662958775,0.20831180359894874,0.23376201519415468,0.0776549604419151,0.17784649733615718,0.20760460292562757,0.06280562011397145,0.328235883750143,0.25389323816147946,-0.034233965852706064,,,,,,,,,,0.06766128745365971,0.01679251756304546,-0.06986777526132475
